item,category,price,calories,protein,carbs,fiber,sugar,fat,sat_fat,sodium
Dave's Single,Burgers,6.82,570,30,39,3,9,34,13,1210
Dave's Double,Burgers,8.65,810,49,39,3,9,51,20,1460
Jr. Bacon Cheeseburger,Burgers,3.65,380,19,26,1,5,22,8,770
Baconator,Burgers,9.63,940,59,38,2,8,62,24,1810
Son of Baconator,Burgers,7.31,630,34,37,2,8,39,15,1490
Double Stack,Burgers,3.65,390,25,25,1,5,21,9,910
Jr. Cheeseburger,Burgers,2.43,280,16,25,1,5,13,6,740
Dave's Triple,Burgers,10.48,1090,71,40,3,9,72,30,1910
Jr. Cheeseburger Deluxe,Burgers,3.16,330,16,27,2,6,19,7,740
10 pc. Crispy Chicken Nuggets,Entrees,6.09,420,22,24,1,0,27,5,850
Spicy Chicken Sandwich,Sandwiches,7.31,510,30,51,3,6,21,4,1110
Crispy Chicken Sandwich,Sandwiches,2.67,330,14,33,2,4,16,3,600
Grilled Chicken Wrap,Sandwiches,7.19,270,20,24,2,3,10,3.5,640
6 pc. Crispy Chicken Nuggets,Entrees,3.89,250,13,14,1,0,16,3.5,510
Crispy Chicken BLT,Sandwiches,3.16,420,20,35,2,5,23,6,950
4 pc. Chicken Tenders,Entrees,8.28,400,29,26,0,1,19,3,1230
Taco Salad,Salads,9.75,660,32,63,10,18,32,13,1820
Apple Pecan Salad,Salads,9.75,560,38,52,7,40,24,7,1020
Baconator Fries,Fried Potatoes,4.38,490,14,46,4,2,28,9,550
French Fries (small),Fried Potatoes,2.18,320,5,43,4,0,15,2.5,320
Bacon Cheese Baked Potato,Appetizers & Sides,5.36,480,17,66,7,6,17,7,780
Sour Cream and Chive Baked Potato,Appetizers & Sides,3.40,310,8,63,7,4,2.5,1.5,35
Chili & Cheese Baked Potato,Appetizers & Sides,5.36,610,26,72,8,8,24,13,1060
Apple Bites,Appetizers & Sides,1.45,35,0,8,1,6,0,0,0
1% Milk,Beverages,1.94,90,7,10,0,10,2,1.5,105
Chocolate Milk,Beverages,1.94,150,7,26,0,23,2.5,1.5,170
Classic Chocolate Frosty (junior),Beverages,1.70,200,6,33,1,27,5,3,95
Chocolate Chunk Cookie,Desserts,2.43,310,3,40,2,24,16,8,210
Sugar Cookie,Desserts,2.43,330,3,43,1,24,16,8,300
